Sample,Unnamed,NewCode,code,Groupping,Sweetness,L,A,B,density,Fatty,Total_protein,Total_sugar,Total_phenol,Total_Flavonoid,Antioxidant,caffeic_acid,Caffeine,Chrogenic_acid,Trigonelline,Theobromine,K,Ca,Fe,Zn,Na,Mg,sucrose_maltose,fluctose_arabinise,Lactic_acid,Malic_acid,Propionic_acid,Quinic_acid,Apartic_acid,Serine,alanine,glycine,threonine,glutamic_acid,proline,lysine,histidine,arginine,valine,metheonine,tyrosine,isoleucine,leucine,phynylalanine,Tryptophan,adenosine
0,DC1,DC8001-1,F1,1,17.5,44.83,0.45,11.11,0.67,370.2,287.64,59.94,2.56,18.45,11.7,0.01,1.32,5.61,1.46,0.01,8366.91,138.79,32.28,17.34,56.77,1141.36,47.28,4.23,0.09,3.09,0.04,3.92,119.05,104.17,203.3,13.49,26.27,410.72,48.4,41.49,26.76,136.15,60.93,12.1,40.74,39.18,52.01,61.76,185.23,46.94
1,DC1,DC8001-2,F1,1,17.5,44.83,0.45,11.11,0.67,370.2,287.64,59.94,2.56,18.45,11.7,0.01,1.32,5.61,1.46,0.01,8366.91,138.79,32.28,17.34,56.77,1141.36,47.28,4.23,0.09,3.09,0.04,3.92,119.05,104.17,203.3,13.49,26.27,410.72,48.4,41.49,26.76,136.15,60.93,12.1,40.74,39.18,52.01,61.76,185.23,46.94
2,DC1,DC8001-3,F1,1,17.5,44.83,0.45,11.11,0.67,370.2,287.64,59.94,2.56,18.45,11.7,0.01,1.32,5.61,1.46,0.01,8366.91,138.79,32.28,17.34,56.77,1141.36,47.28,4.23,0.09,3.09,0.04,3.92,119.05,104.17,203.3,13.49,26.27,410.72,48.4,41.49,26.76,136.15,60.93,12.1,40.74,39.18,52.01,61.76,185.23,46.94
3,DC1,DC8001-4,F1,1,17.5,44.83,0.45,11.11,0.67,370.2,287.64,59.94,2.56,18.45,11.7,0.01,1.32,5.61,1.46,0.01,8366.91,138.79,32.28,17.34,56.77,1141.36,47.28,4.23,0.09,3.09,0.04,3.92,119.05,104.17,203.3,13.49,26.27,410.72,48.4,41.49,26.76,136.15,60.93,12.1,40.74,39.18,52.01,61.76,185.23,46.94
4,DC1,DC8001-5,F1,1,17.5,44.83,0.45,11.11,0.67,370.2,287.64,59.94,2.56,18.45,11.7,0.01,1.32,5.61,1.46,0.01,8366.91,138.79,32.28,17.34,56.77,1141.36,47.28,4.23,0.09,3.09,0.04,3.92,119.05,104.17,203.3,13.49,26.27,410.72,48.4,41.49,26.76,136.15,60.93,12.1,40.74,39.18,52.01,61.76,185.23,46.94
5,DC1,DC8001-6,F1,1,17.5,44.83,0.45,11.11,0.67,370.2,287.64,59.94,2.56,18.45,11.7,0.01,1.32,5.61,1.46,0.01,8366.91,138.79,32.28,17.34,56.77,1141.36,47.28,4.23,0.09,3.09,0.04,3.92,119.05,104.17,203.3,13.49,26.27,410.72,48.4,41.49,26.76,136.15,60.93,12.1,40.74,39.18,52.01,61.76,185.23,46.94
6,DC1,DC8001-7,F1,1,17.5,44.83,0.45,11.11,0.67,370.2,287.64,59.94,2.56,18.45,11.7,0.01,1.32,5.61,1.46,0.01,8366.91,138.79,32.28,17.34,56.77,1141.36,47.28,4.23,0.09,3.09,0.04,3.92,119.05,104.17,203.3,13.49,26.27,410.72,48.4,41.49,26.76,136.15,60.93,12.1,40.74,39.18,52.01,61.76,185.23,46.94
7,DC1,DC8001-8,F1,1,17.5,44.83,0.45,11.11,0.67,370.2,287.64,59.94,2.56,18.45,11.7,0.01,1.32,5.61,1.46,0.01,8366.91,138.79,32.28,17.34,56.77,1141.36,47.28,4.23,0.09,3.09,0.04,3.92,119.05,104.17,203.3,13.49,26.27,410.72,48.4,41.49,26.76,136.15,60.93,12.1,40.74,39.18,52.01,61.76,185.23,46.94
8,DC1,DC8001-9,F1,1,17.5,44.83,0.45,11.11,0.67,370.2,287.64,59.94,2.56,18.45,11.7,0.01,1.32,5.61,1.46,0.01,8366.91,138.79,32.28,17.34,56.77,1141.36,47.28,4.23,0.09,3.09,0.04,3.92,119.05,104.17,203.3,13.49,26.27,410.72,48.4,41.49,26.76,136.15,60.93,12.1,40.74,39.18,52.01,61.76,185.23,46.94
9,DC1,DC8001-10,F1,1,17.5,44.83,0.45,11.11,0.67,370.2,287.64,59.94,2.56,18.45,11.7,0.01,1.32,5.61,1.46,0.01,8366.91,138.79,32.28,17.34,56.77,1141.36,47.28,4.23,0.09,3.09,0.04,3.92,119.05,104.17,203.3,13.49,26.27,410.72,48.4,41.49,26.76,136.15,60.93,12.1,40.74,39.18,52.01,61.76,185.23,46.94
10,DC1,DC8001-11,F1,1,17.5,44.83,0.45,11.11,0.67,370.2,287.64,59.94,2.56,18.45,11.7,0.01,1.32,5.61,1.46,0.01,8366.91,138.79,32.28,17.34,56.77,1141.36,47.28,4.23,0.09,3.09,0.04,3.92,119.05,104.17,203.3,13.49,26.27,410.72,48.4,41.49,26.76,136.15,60.93,12.1,40.74,39.18,52.01,61.76,185.23,46.94
11,DC1,DC8001-12,F1,1,17.5,44.83,0.45,11.11,0.67,370.2,287.64,59.94,2.56,18.45,11.7,0.01,1.32,5.61,1.46,0.01,8366.91,138.79,32.28,17.34,56.77,1141.36,47.28,4.23,0.09,3.09,0.04,3.92,119.05,104.17,203.3,13.49,26.27,410.72,48.4,41.49,26.76,136.15,60.93,12.1,40.74,39.18,52.01,61.76,185.23,46.94
12,DC1,DC8001-13,F1,1,17.5,44.83,0.45,11.11,0.67,370.2,287.64,59.94,2.56,18.45,11.7,0.01,1.32,5.61,1.46,0.01,8366.91,138.79,32.28,17.34,56.77,1141.36,47.28,4.23,0.09,3.09,0.04,3.92,119.05,104.17,203.3,13.49,26.27,410.72,48.4,41.49,26.76,136.15,60.93,12.1,40.74,39.18,52.01,61.76,185.23,46.94
13,DC1,DC8001-14,F1,1,17.5,44.83,0.45,11.11,0.67,370.2,287.64,59.94,2.56,18.45,11.7,0.01,1.32,5.61,1.46,0.01,8366.91,138.79,32.28,17.34,56.77,1141.36,47.28,4.23,0.09,3.09,0.04,3.92,119.05,104.17,203.3,13.49,26.27,410.72,48.4,41.49,26.76,136.15,60.93,12.1,40.74,39.18,52.01,61.76,185.23,46.94
14,DC1,DC8001-15,F1,1,17.5,44.83,0.45,11.11,0.67,370.2,287.64,59.94,2.56,18.45,11.7,0.01,1.32,5.61,1.46,0.01,8366.91,138.79,32.28,17.34,56.77,1141.36,47.28,4.23,0.09,3.09,0.04,3.92,119.05,104.17,203.3,13.49,26.27,410.72,48.4,41.49,26.76,136.15,60.93,12.1,40.74,39.18,52.01,61.76,185.23,46.94
15,DC1,DC8001-16,F1,1,17.5,44.83,0.45,11.11,0.67,370.2,287.64,59.94,2.56,18.45,11.7,0.01,1.32,5.61,1.46,0.01,8366.91,138.79,32.28,17.34,56.77,1141.36,47.28,4.23,0.09,3.09,0.04,3.92,119.05,104.17,203.3,13.49,26.27,410.72,48.4,41.49,26.76,136.15,60.93,12.1,40.74,39.18,52.01,61.76,185.23,46.94
16,DC1,DC8001-17,F1,1,17.5,44.83,0.45,11.11,0.67,370.2,287.64,59.94,2.56,18.45,11.7,0.01,1.32,5.61,1.46,0.01,8366.91,138.79,32.28,17.34,56.77,1141.36,47.28,4.23,0.09,3.09,0.04,3.92,119.05,104.17,203.3,13.49,26.27,410.72,48.4,41.49,26.76,136.15,60.93,12.1,40.74,39.18,52.01,61.76,185.23,46.94
17,DC1,DC8001-18,F1,1,17.5,44.83,0.45,11.11,0.67,370.2,287.64,59.94,2.56,18.45,11.7,0.01,1.32,5.61,1.46,0.01,8366.91,138.79,32.28,17.34,56.77,1141.36,47.28,4.23,0.09,3.09,0.04,3.92,119.05,104.17,203.3,13.49,26.27,410.72,48.4,41.49,26.76,136.15,60.93,12.1,40.74,39.18,52.01,61.76,185.23,46.94
18,DC1,DC8001-19,F1,1,17.5,44.83,0.45,11.11,0.67,370.2,287.64,59.94,2.56,18.45,11.7,0.01,1.32,5.61,1.46,0.01,8366.91,138.79,32.28,17.34,56.77,1141.36,47.28,4.23,0.09,3.09,0.04,3.92,119.05,104.17,203.3,13.49,26.27,410.72,48.4,41.49,26.76,136.15,60.93,12.1,40.74,39.18,52.01,61.76,185.23,46.94
19,DC1,DC8001-20,F1,1,17.5,44.83,0.45,11.11,0.67,370.2,287.64,59.94,2.56,18.45,11.7,0.01,1.32,5.61,1.46,0.01,8366.91,138.79,32.28,17.34,56.77,1141.36,47.28,4.23,0.09,3.09,0.04,3.92,119.05,104.17,203.3,13.49,26.27,410.72,48.4,41.49,26.76,136.15,60.93,12.1,40.74,39.18,52.01,61.76,185.23,46.94
20,DC2,DC8002-1,F2,1,18.0,48.49,0.78,12.39,0.7,445.1,513.91,58.95,2.68,19.32,10.36,0.0,2.21,6.18,1.32,0.01,10049.52,161.14,17.54,19.82,84.7,1358.86,31.99,0.89,0.09,3.0,0.04,4.81,183.84,105.1,205.9,22.32,26.88,458.84,50.16,45.54,34.49,133.82,56.39,13.14,39.65,35.39,51.59,68.91,120.51,44.08
21,DC2,DC8002-2,F2,1,18.0,48.49,0.78,12.39,0.7,445.1,513.91,58.95,2.68,19.32,10.36,0.0,2.21,6.18,1.32,0.01,10049.52,161.14,17.54,19.82,84.7,1358.86,31.99,0.89,0.09,3.0,0.04,4.81,183.84,105.1,205.9,22.32,26.88,458.84,50.16,45.54,34.49,133.82,56.39,13.14,39.65,35.39,51.59,68.91,120.51,44.08
22,DC2,DC8002-3,F2,1,18.0,48.49,0.78,12.39,0.7,445.1,513.91,58.95,2.68,19.32,10.36,0.0,2.21,6.18,1.32,0.01,10049.52,161.14,17.54,19.82,84.7,1358.86,31.99,0.89,0.09,3.0,0.04,4.81,183.84,105.1,205.9,22.32,26.88,458.84,50.16,45.54,34.49,133.82,56.39,13.14,39.65,35.39,51.59,68.91,120.51,44.08
23,DC2,DC8002-4,F2,1,18.0,48.49,0.78,12.39,0.7,445.1,513.91,58.95,2.68,19.32,10.36,0.0,2.21,6.18,1.32,0.01,10049.52,161.14,17.54,19.82,84.7,1358.86,31.99,0.89,0.09,3.0,0.04,4.81,183.84,105.1,205.9,22.32,26.88,458.84,50.16,45.54,34.49,133.82,56.39,13.14,39.65,35.39,51.59,68.91,120.51,44.08
24,DC2,DC8002-5,F2,1,18.0,48.49,0.78,12.39,0.7,445.1,513.91,58.95,2.68,19.32,10.36,0.0,2.21,6.18,1.32,0.01,10049.52,161.14,17.54,19.82,84.7,1358.86,31.99,0.89,0.09,3.0,0.04,4.81,183.84,105.1,205.9,22.32,26.88,458.84,50.16,45.54,34.49,133.82,56.39,13.14,39.65,35.39,51.59,68.91,120.51,44.08
25,DC2,DC8002-6,F2,1,18.0,48.49,0.78,12.39,0.7,445.1,513.91,58.95,2.68,19.32,10.36,0.0,2.21,6.18,1.32,0.01,10049.52,161.14,17.54,19.82,84.7,1358.86,31.99,0.89,0.09,3.0,0.04,4.81,183.84,105.1,205.9,22.32,26.88,458.84,50.16,45.54,34.49,133.82,56.39,13.14,39.65,35.39,51.59,68.91,120.51,44.08
26,DC2,DC8002-7,F2,1,18.0,48.49,0.78,12.39,0.7,445.1,513.91,58.95,2.68,19.32,10.36,0.0,2.21,6.18,1.32,0.01,10049.52,161.14,17.54,19.82,84.7,1358.86,31.99,0.89,0.09,3.0,0.04,4.81,183.84,105.1,205.9,22.32,26.88,458.84,50.16,45.54,34.49,133.82,56.39,13.14,39.65,35.39,51.59,68.91,120.51,44.08
27,DC2,DC8002-8,F2,1,18.0,48.49,0.78,12.39,0.7,445.1,513.91,58.95,2.68,19.32,10.36,0.0,2.21,6.18,1.32,0.01,10049.52,161.14,17.54,19.82,84.7,1358.86,31.99,0.89,0.09,3.0,0.04,4.81,183.84,105.1,205.9,22.32,26.88,458.84,50.16,45.54,34.49,133.82,56.39,13.14,39.65,35.39,51.59,68.91,120.51,44.08
28,DC2,DC8002-9,F2,1,18.0,48.49,0.78,12.39,0.7,445.1,513.91,58.95,2.68,19.32,10.36,0.0,2.21,6.18,1.32,0.01,10049.52,161.14,17.54,19.82,84.7,1358.86,31.99,0.89,0.09,3.0,0.04,4.81,183.84,105.1,205.9,22.32,26.88,458.84,50.16,45.54,34.49,133.82,56.39,13.14,39.65,35.39,51.59,68.91,120.51,44.08
29,DC2,DC8002-10,F2,1,18.0,48.49,0.78,12.39,0.7,445.1,513.91,58.95,2.68,19.32,10.36,0.0,2.21,6.18,1.32,0.01,10049.52,161.14,17.54,19.82,84.7,1358.86,31.99,0.89,0.09,3.0,0.04,4.81,183.84,105.1,205.9,22.32,26.88,458.84,50.16,45.54,34.49,133.82,56.39,13.14,39.65,35.39,51.59,68.91,120.51,44.08
30,DC2,DC8002-11,F2,1,18.0,48.49,0.78,12.39,0.7,445.1,513.91,58.95,2.68,19.32,10.36,0.0,2.21,6.18,1.32,0.01,10049.52,161.14,17.54,19.82,84.7,1358.86,31.99,0.89,0.09,3.0,0.04,4.81,183.84,105.1,205.9,22.32,26.88,458.84,50.16,45.54,34.49,133.82,56.39,13.14,39.65,35.39,51.59,68.91,120.51,44.08
31,DC2,DC8002-12,F2,1,18.0,48.49,0.78,12.39,0.7,445.1,513.91,58.95,2.68,19.32,10.36,0.0,2.21,6.18,1.32,0.01,10049.52,161.14,17.54,19.82,84.7,1358.86,31.99,0.89,0.09,3.0,0.04,4.81,183.84,105.1,205.9,22.32,26.88,458.84,50.16,45.54,34.49,133.82,56.39,13.14,39.65,35.39,51.59,68.91,120.51,44.08
32,DC2,DC8002-13,F2,1,18.0,48.49,0.78,12.39,0.7,445.1,513.91,58.95,2.68,19.32,10.36,0.0,2.21,6.18,1.32,0.01,10049.52,161.14,17.54,19.82,84.7,1358.86,31.99,0.89,0.09,3.0,0.04,4.81,183.84,105.1,205.9,22.32,26.88,458.84,50.16,45.54,34.49,133.82,56.39,13.14,39.65,35.39,51.59,68.91,120.51,44.08
100,PD4,PD10004-1,F17,4,17.7,52.76,1.85,13.6,0.67,504.9,806.48,70.64,1.52,10.48,13.73,0.02,1.82,5.95,1.19,0.0,11594.47,146.71,17.2,17.93,51.25,1344.09,39.13,2.33,0.08,3.78,0.06,4.62,250.15,140.74,349.14,41.26,38.68,294.64,64.12,53.58,45.87,374.81,74.62,16.15,43.66,46.82,82.69,92.5,145.94,44.84
101,PD4,PD10004-2,F17,4,17.7,52.76,1.85,13.6,0.67,504.9,806.48,70.64,1.52,10.48,13.73,0.02,1.82,5.95,1.19,0.0,11594.47,146.71,17.2,17.93,51.25,1344.09,39.13,2.33,0.08,3.78,0.06,4.62,250.15,140.74,349.14,41.26,38.68,294.64,64.12,53.58,45.87,374.81,74.62,16.15,43.66,46.82,82.69,92.5,145.94,44.84
102,PD4,PD10004-3,F17,4,17.7,52.76,1.85,13.6,0.67,504.9,806.48,70.64,1.52,10.48,13.73,0.02,1.82,5.95,1.19,0.0,11594.47,146.71,17.2,17.93,51.25,1344.09,39.13,2.33,0.08,3.78,0.06,4.62,250.15,140.74,349.14,41.26,38.68,294.64,64.12,53.58,45.87,374.81,74.62,16.15,43.66,46.82,82.69,92.5,145.94,44.84
103,PD4,PD10004-4,F17,4,17.7,52.76,1.85,13.6,0.67,504.9,806.48,70.64,1.52,10.48,13.73,0.02,1.82,5.95,1.19,0.0,11594.47,146.71,17.2,17.93,51.25,1344.09,39.13,2.33,0.08,3.78,0.06,4.62,250.15,140.74,349.14,41.26,38.68,294.64,64.12,53.58,45.87,374.81,74.62,16.15,43.66,46.82,82.69,92.5,145.94,44.84
104,PD4,PD10004-5,F17,4,17.7,52.76,1.85,13.6,0.67,504.9,806.48,70.64,1.52,10.48,13.73,0.02,1.82,5.95,1.19,0.0,11594.47,146.71,17.2,17.93,51.25,1344.09,39.13,2.33,0.08,3.78,0.06,4.62,250.15,140.74,349.14,41.26,38.68,294.64,64.12,53.58,45.87,374.81,74.62,16.15,43.66,46.82,82.69,92.5,145.94,44.84
105,PD4,PD10004-6,F17,4,17.7,52.76,1.85,13.6,0.67,504.9,806.48,70.64,1.52,10.48,13.73,0.02,1.82,5.95,1.19,0.0,11594.47,146.71,17.2,17.93,51.25,1344.09,39.13,2.33,0.08,3.78,0.06,4.62,250.15,140.74,349.14,41.26,38.68,294.64,64.12,53.58,45.87,374.81,74.62,16.15,43.66,46.82,82.69,92.5,145.94,44.84
149,ML9002 r2,ML9002-1,F29,5,15.5,53.22,1.01,13.8,0.7,313.1,679.7,27.43,2.27,10.75,14.81,0.03,1.74,6.44,1.22,0.01,11609.81,188.84,21.77,16.26,44.99,1458.09,43.97,0.23,0.05,1.1,0.0,0.83,69.52,51.68,179.59,18.33,17.88,74.5,33.82,23.21,23.71,68.34,35.62,9.47,20.88,20.72,37.38,52.2,153.31,17.54
150,ML9002 r2,ML9002-2,F29,5,15.5,53.22,1.01,13.8,0.7,313.1,679.7,27.43,2.27,10.75,14.81,0.03,1.74,6.44,1.22,0.01,11609.81,188.84,21.77,16.26,44.99,1458.09,43.97,0.23,0.05,1.1,0.0,0.83,69.52,51.68,179.59,18.33,17.88,74.5,33.82,23.21,23.71,68.34,35.62,9.47,20.88,20.72,37.38,52.2,153.31,17.54
151,ML9002 r2,ML9002-3,F29,5,15.5,53.22,1.01,13.8,0.7,313.1,679.7,27.43,2.27,10.75,14.81,0.03,1.74,6.44,1.22,0.01,11609.81,188.84,21.77,16.26,44.99,1458.09,43.97,0.23,0.05,1.1,0.0,0.83,69.52,51.68,179.59,18.33,17.88,74.5,33.82,23.21,23.71,68.34,35.62,9.47,20.88,20.72,37.38,52.2,153.31,17.54
152,ML9002 r2,ML9002-4,F29,5,15.5,53.22,1.01,13.8,0.7,313.1,679.7,27.43,2.27,10.75,14.81,0.03,1.74,6.44,1.22,0.01,11609.81,188.84,21.77,16.26,44.99,1458.09,43.97,0.23,0.05,1.1,0.0,0.83,69.52,51.68,179.59,18.33,17.88,74.5,33.82,23.21,23.71,68.34,35.62,9.47,20.88,20.72,37.38,52.2,153.31,17.54
153,ML9002 r2,ML9002-5,F29,5,15.5,53.22,1.01,13.8,0.7,313.1,679.7,27.43,2.27,10.75,14.81,0.03,1.74,6.44,1.22,0.01,11609.81,188.84,21.77,16.26,44.99,1458.09,43.97,0.23,0.05,1.1,0.0,0.83,69.52,51.68,179.59,18.33,17.88,74.5,33.82,23.21,23.71,68.34,35.62,9.47,20.88,20.72,37.38,52.2,153.31,17.54
154,ML9002 r2,ML9002-6,F29,5,15.5,53.22,1.01,13.8,0.7,313.1,679.7,27.43,2.27,10.75,14.81,0.03,1.74,6.44,1.22,0.01,11609.81,188.84,21.77,16.26,44.99,1458.09,43.97,0.23,0.05,1.1,0.0,0.83,69.52,51.68,179.59,18.33,17.88,74.5,33.82,23.21,23.71,68.34,35.62,9.47,20.88,20.72,37.38,52.2,153.31,17.54
155,PT1,PT12001-1,F30,3,12.0,52.31,0.94,12.87,0.65,562.9,362.76,62.42,2.57,12.32,13.67,0.02,2.37,5.9,1.14,0.01,8998.73,178.4,17.35,30.23,69.28,1068.97,34.7,2.88,0.13,1.97,0.03,3.63,129.02,134.07,270.67,31.42,35.5,175.29,61.33,51.28,34.45,176.95,72.78,17.55,51.62,46.03,78.2,96.36,155.5,36.0
156,PT1,PT12001-2,F30,3,12.0,52.31,0.94,12.87,0.65,562.9,362.76,62.42,2.57,12.32,13.67,0.02,2.37,5.9,1.14,0.01,8998.73,178.4,17.35,30.23,69.28,1068.97,34.7,2.88,0.13,1.97,0.03,3.63,129.02,134.07,270.67,31.42,35.5,175.29,61.33,51.28,34.45,176.95,72.78,17.55,51.62,46.03,78.2,96.36,155.5,36.0
157,PT1,PT12001-3,F30,3,12.0,52.31,0.94,12.87,0.65,562.9,362.76,62.42,2.57,12.32,13.67,0.02,2.37,5.9,1.14,0.01,8998.73,178.4,17.35,30.23,69.28,1068.97,34.7,2.88,0.13,1.97,0.03,3.63,129.02,134.07,270.67,31.42,35.5,175.29,61.33,51.28,34.45,176.95,72.78,17.55,51.62,46.03,78.2,96.36,155.5,36.0
158,PT1,PT12001-4,F30,3,12.0,52.31,0.94,12.87,0.65,562.9,362.76,62.42,2.57,12.32,13.67,0.02,2.37,5.9,1.14,0.01,8998.73,178.4,17.35,30.23,69.28,1068.97,34.7,2.88,0.13,1.97,0.03,3.63,129.02,134.07,270.67,31.42,35.5,175.29,61.33,51.28,34.45,176.95,72.78,17.55,51.62,46.03,78.2,96.36,155.5,36.0
159,PT1,PT12001-5,F30,3,12.0,52.31,0.94,12.87,0.65,562.9,362.76,62.42,2.57,12.32,13.67,0.02,2.37,5.9,1.14,0.01,8998.73,178.4,17.35,30.23,69.28,1068.97,34.7,2.88,0.13,1.97,0.03,3.63,129.02,134.07,270.67,31.42,35.5,175.29,61.33,51.28,34.45,176.95,72.78,17.55,51.62,46.03,78.2,96.36,155.5,36.0
160,PT1,PT12001-6,F30,3,12.0,52.31,0.94,12.87,0.65,562.9,362.76,62.42,2.57,12.32,13.67,0.02,2.37,5.9,1.14,0.01,8998.73,178.4,17.35,30.23,69.28,1068.97,34.7,2.88,0.13,1.97,0.03,3.63,129.02,134.07,270.67,31.42,35.5,175.29,61.33,51.28,34.45,176.95,72.78,17.55,51.62,46.03,78.2,96.36,155.5,36.0
161,PT1,PT12001-7,F30,3,12.0,52.31,0.94,12.87,0.65,562.9,362.76,62.42,2.57,12.32,13.67,0.02,2.37,5.9,1.14,0.01,8998.73,178.4,17.35,30.23,69.28,1068.97,34.7,2.88,0.13,1.97,0.03,3.63,129.02,134.07,270.67,31.42,35.5,175.29,61.33,51.28,34.45,176.95,72.78,17.55,51.62,46.03,78.2,96.36,155.5,36.0
182,PC3,PC12003-1,F37,2,14.3,51.37,1.38,13.92,0.67,589.4,405.87,72.32,3.09,14.88,14.3,0.02,1.88,6.59,1.46,0.01,8233.78,110.94,10.31,7.16,16.93,798.43,34.68,0.42,0.08,2.21,0.04,2.44,134.45,134.87,297.86,33.73,35.33,181.64,56.76,48.82,35.99,165.21,71.28,15.65,51.85,45.47,80.94,129.84,321.67,34.53
183,PC3,PC12003-2,F37,2,14.3,51.37,1.38,13.92,0.67,589.4,405.87,72.32,3.09,14.88,14.3,0.02,1.88,6.59,1.46,0.01,8233.78,110.94,10.31,7.16,16.93,798.43,34.68,0.42,0.08,2.21,0.04,2.44,134.45,134.87,297.86,33.73,35.33,181.64,56.76,48.82,35.99,165.21,71.28,15.65,51.85,45.47,80.94,129.84,321.67,34.53
184,PC3,PC12003-3,F37,2,14.3,51.37,1.38,13.92,0.67,589.4,405.87,72.32,3.09,14.88,14.3,0.02,1.88,6.59,1.46,0.01,8233.78,110.94,10.31,7.16,16.93,798.43,34.68,0.42,0.08,2.21,0.04,2.44,134.45,134.87,297.86,33.73,35.33,181.64,56.76,48.82,35.99,165.21,71.28,15.65,51.85,45.47,80.94,129.84,321.67,34.53
185,PC3,PC12003-4,F37,2,14.3,51.37,1.38,13.92,0.67,589.4,405.87,72.32,3.09,14.88,14.3,0.02,1.88,6.59,1.46,0.01,8233.78,110.94,10.31,7.16,16.93,798.43,34.68,0.42,0.08,2.21,0.04,2.44,134.45,134.87,297.86,33.73,35.33,181.64,56.76,48.82,35.99,165.21,71.28,15.65,51.85,45.47,80.94,129.84,321.67,34.53
186,PC3,PC12003-5,F37,2,14.3,51.37,1.38,13.92,0.67,589.4,405.87,72.32,3.09,14.88,14.3,0.02,1.88,6.59,1.46,0.01,8233.78,110.94,10.31,7.16,16.93,798.43,34.68,0.42,0.08,2.21,0.04,2.44,134.45,134.87,297.86,33.73,35.33,181.64,56.76,48.82,35.99,165.21,71.28,15.65,51.85,45.47,80.94,129.84,321.67,34.53
187,PC3,PC12003-6,F37,2,14.3,51.37,1.38,13.92,0.67,589.4,405.87,72.32,3.09,14.88,14.3,0.02,1.88,6.59,1.46,0.01,8233.78,110.94,10.31,7.16,16.93,798.43,34.68,0.42,0.08,2.21,0.04,2.44,134.45,134.87,297.86,33.73,35.33,181.64,56.76,48.82,35.99,165.21,71.28,15.65,51.85,45.47,80.94,129.84,321.67,34.53
188,PC4,PC12004-1,F38,2,15.0,51.99,1.43,13.39,0.68,450.0,353.93,59.38,2.6,12.46,12.28,0.02,3.31,5.94,1.25,0.01,10043.15,147.98,11.23,8.04,15.37,869.74,31.83,2.25,0.08,2.16,0.04,1.76,173.92,129.12,344.08,33.49,38.94,274.06,66.01,55.14,50.2,270.47,77.19,16.61,50.6,49.13,82.38,144.67,275.95,30.31
189,PC4,PC12004-2,F38,2,15.0,51.99,1.43,13.39,0.68,450.0,353.93,59.38,2.6,12.46,12.28,0.02,3.31,5.94,1.25,0.01,10043.15,147.98,11.23,8.04,15.37,869.74,31.83,2.25,0.08,2.16,0.04,1.76,173.92,129.12,344.08,33.49,38.94,274.06,66.01,55.14,50.2,270.47,77.19,16.61,50.6,49.13,82.38,144.67,275.95,30.31
190,PC4,PC12004-3,F38,2,15.0,51.99,1.43,13.39,0.68,450.0,353.93,59.38,2.6,12.46,12.28,0.02,3.31,5.94,1.25,0.01,10043.15,147.98,11.23,8.04,15.37,869.74,31.83,2.25,0.08,2.16,0.04,1.76,173.92,129.12,344.08,33.49,38.94,274.06,66.01,55.14,50.2,270.47,77.19,16.61,50.6,49.13,82.38,144.67,275.95,30.31
191,PC4,PC12004-4,F38,2,15.0,51.99,1.43,13.39,0.68,450.0,353.93,59.38,2.6,12.46,12.28,0.02,3.31,5.94,1.25,0.01,10043.15,147.98,11.23,8.04,15.37,869.74,31.83,2.25,0.08,2.16,0.04,1.76,173.92,129.12,344.08,33.49,38.94,274.06,66.01,55.14,50.2,270.47,77.19,16.61,50.6,49.13,82.38,144.67,275.95,30.31
192,PTT1,PTT12001-1,F39,7,12.7,50.26,1.41,12.07,0.69,498.9,387.54,77.34,2.61,12.55,12.91,0.02,1.9,5.45,1.2,0.01,11637.52,220.33,16.28,9.85,30.91,1576.27,27.87,0.86,0.09,1.89,0.02,1.83,177.52,138.0,408.04,34.87,45.74,218.46,74.41,61.25,42.25,240.09,80.67,17.84,55.95,51.86,87.8,121.76,263.17,41.9
193,PTT1,PTT12001-2,F39,7,12.7,50.26,1.41,12.07,0.69,498.9,387.54,77.34,2.61,12.55,12.91,0.02,1.9,5.45,1.2,0.01,11637.52,220.33,16.28,9.85,30.91,1576.27,27.87,0.86,0.09,1.89,0.02,1.83,177.52,138.0,408.04,34.87,45.74,218.46,74.41,61.25,42.25,240.09,80.67,17.84,55.95,51.86,87.8,121.76,263.17,41.9
194,PTT1,PTT12001-3,F39,7,12.7,50.26,1.41,12.07,0.69,498.9,387.54,77.34,2.61,12.55,12.91,0.02,1.9,5.45,1.2,0.01,11637.52,220.33,16.28,9.85,30.91,1576.27,27.87,0.86,0.09,1.89,0.02,1.83,177.52,138.0,408.04,34.87,45.74,218.46,74.41,61.25,42.25,240.09,80.67,17.84,55.95,51.86,87.8,121.76,263.17,41.9
195,PTT1,PTT12001-4,F39,7,12.7,50.26,1.41,12.07,0.69,498.9,387.54,77.34,2.61,12.55,12.91,0.02,1.9,5.45,1.2,0.01,11637.52,220.33,16.28,9.85,30.91,1576.27,27.87,0.86,0.09,1.89,0.02,1.83,177.52,138.0,408.04,34.87,45.74,218.46,74.41,61.25,42.25,240.09,80.67,17.84,55.95,51.86,87.8,121.76,263.17,41.9
196,PTT1,PTT12001-5,F39,7,12.7,50.26,1.41,12.07,0.69,498.9,387.54,77.34,2.61,12.55,12.91,0.02,1.9,5.45,1.2,0.01,11637.52,220.33,16.28,9.85,30.91,1576.27,27.87,0.86,0.09,1.89,0.02,1.83,177.52,138.0,408.04,34.87,45.74,218.46,74.41,61.25,42.25,240.09,80.67,17.84,55.95,51.86,87.8,121.76,263.17,41.9
197,PTT2,PTT12002-1,F40,7,14.0,48.28,1.35,12.52,0.67,523.8,351.35,80.98,2.79,13.41,13.24,0.02,2.52,5.94,1.38,0.02,10960.88,199.21,16.51,11.86,85.97,1257.72,38.99,0.75,0.07,1.83,0.02,2.52,257.87,185.0,515.51,42.45,54.88,341.22,98.1,66.77,53.28,356.22,111.67,24.19,81.65,71.7,118.67,163.28,411.29,56.19
198,PTT2,PTT12002-2,F40,7,14.0,48.28,1.35,12.52,0.67,523.8,351.35,80.98,2.79,13.41,13.24,0.02,2.52,5.94,1.38,0.02,10960.88,199.21,16.51,11.86,85.97,1257.72,38.99,0.75,0.07,1.83,0.02,2.52,257.87,185.0,515.51,42.45,54.88,341.22,98.1,66.77,53.28,356.22,111.67,24.19,81.65,71.7,118.67,163.28,411.29,56.19
199,PTT2,PTT12002-3,F40,7,14.0,48.28,1.35,12.52,0.67,523.8,351.35,80.98,2.79,13.41,13.24,0.02,2.52,5.94,1.38,0.02,10960.88,199.21,16.51,11.86,85.97,1257.72,38.99,0.75,0.07,1.83,0.02,2.52,257.87,185.0,515.51,42.45,54.88,341.22,98.1,66.77,53.28,356.22,111.67,24.19,81.65,71.7,118.67,163.28,411.29,56.19
200,PTT2,PTT12002-4,F40,7,14.0,48.28,1.35,12.52,0.67,523.8,351.35,80.98,2.79,13.41,13.24,0.02,2.52,5.94,1.38,0.02,10960.88,199.21,16.51,11.86,85.97,1257.72,38.99,0.75,0.07,1.83,0.02,2.52,257.87,185.0,515.51,42.45,54.88,341.22,98.1,66.77,53.28,356.22,111.67,24.19,81.65,71.7,118.67,163.28,411.29,56.19
201,PTT2,PTT12002-5,F40,7,14.0,48.28,1.35,12.52,0.67,523.8,351.35,80.98,2.79,13.41,13.24,0.02,2.52,5.94,1.38,0.02,10960.88,199.21,16.51,11.86,85.97,1257.72,38.99,0.75,0.07,1.83,0.02,2.52,257.87,185.0,515.51,42.45,54.88,341.22,98.1,66.77,53.28,356.22,111.67,24.19,81.65,71.7,118.67,163.28,411.29,56.19
202,PTT3,PTT12003-1,F41,7,16.3,49.03,1.43,13.84,0.68,522.5,406.71,88.04,2.59,12.43,12.11,0.02,2.02,5.6,1.31,0.01,11290.96,207.56,23.01,15.45,35.81,2090.75,28.69,1.01,0.12,2.05,0.02,1.47,204.91,150.56,387.57,39.59,45.63,241.54,79.58,66.09,44.71,272.16,98.63,20.39,65.13,62.31,106.84,111.52,327.67,32.23
203,PTT3,PTT12003-2,F41,7,16.3,49.03,1.43,13.84,0.68,522.5,406.71,88.04,2.59,12.43,12.11,0.02,2.02,5.6,1.31,0.01,11290.96,207.56,23.01,15.45,35.81,2090.75,28.69,1.01,0.12,2.05,0.02,1.47,204.91,150.56,387.57,39.59,45.63,241.54,79.58,66.09,44.71,272.16,98.63,20.39,65.13,62.31,106.84,111.52,327.67,32.23
204,PTT3,PTT12003-3,F41,7,16.3,49.03,1.43,13.84,0.68,522.5,406.71,88.04,2.59,12.43,12.11,0.02,2.02,5.6,1.31,0.01,11290.96,207.56,23.01,15.45,35.81,2090.75,28.69,1.01,0.12,2.05,0.02,1.47,204.91,150.56,387.57,39.59,45.63,241.54,79.58,66.09,44.71,272.16,98.63,20.39,65.13,62.31,106.84,111.52,327.67,32.23
205,PTT3,PTT12003-4,F41,7,16.3,49.03,1.43,13.84,0.68,522.5,406.71,88.04,2.59,12.43,12.11,0.02,2.02,5.6,1.31,0.01,11290.96,207.56,23.01,15.45,35.81,2090.75,28.69,1.01,0.12,2.05,0.02,1.47,204.91,150.56,387.57,39.59,45.63,241.54,79.58,66.09,44.71,272.16,98.63,20.39,65.13,62.31,106.84,111.52,327.67,32.23
206,PTT3,PTT12003-5,F41,7,16.3,49.03,1.43,13.84,0.68,522.5,406.71,88.04,2.59,12.43,12.11,0.02,2.02,5.6,1.31,0.01,11290.96,207.56,23.01,15.45,35.81,2090.75,28.69,1.01,0.12,2.05,0.02,1.47,204.91,150.56,387.57,39.59,45.63,241.54,79.58,66.09,44.71,272.16,98.63,20.39,65.13,62.31,106.84,111.52,327.67,32.23
207,PTT4,PTT12004-1,F42,7,14.0,47.96,1.29,11.95,0.67,525.2,475.59,58.57,2.14,10.18,13.7,0.02,2.74,6.07,1.39,0.01,9141.82,159.94,14.63,12.8,50.66,1190.26,30.11,1.89,0.06,1.69,0.02,2.43,173.28,135.37,347.17,39.68,48.97,181.05,64.95,70.04,43.58,306.66,83.51,18.64,61.37,55.3,96.72,108.66,304.93,35.12
208,PTT4,PTT12004-2,F42,7,14.0,47.96,1.29,11.95,0.67,525.2,475.59,58.57,2.14,10.18,13.7,0.02,2.74,6.07,1.39,0.01,9141.82,159.94,14.63,12.8,50.66,1190.26,30.11,1.89,0.06,1.69,0.02,2.43,173.28,135.37,347.17,39.68,48.97,181.05,64.95,70.04,43.58,306.66,83.51,18.64,61.37,55.3,96.72,108.66,304.93,35.12
209,PTT4,PTT12004-3,F42,7,14.0,47.96,1.29,11.95,0.67,525.2,475.59,58.57,2.14,10.18,13.7,0.02,2.74,6.07,1.39,0.01,9141.82,159.94,14.63,12.8,50.66,1190.26,30.11,1.89,0.06,1.69,0.02,2.43,173.28,135.37,347.17,39.68,48.97,181.05,64.95,70.04,43.58,306.66,83.51,18.64,61.37,55.3,96.72,108.66,304.93,35.12
210,PTT4,PTT12004-4,F42,7,14.0,47.96,1.29,11.95,0.67,525.2,475.59,58.57,2.14,10.18,13.7,0.02,2.74,6.07,1.39,0.01,9141.82,159.94,14.63,12.8,50.66,1190.26,30.11,1.89,0.06,1.69,0.02,2.43,173.28,135.37,347.17,39.68,48.97,181.05,64.95,70.04,43.58,306.66,83.51,18.64,61.37,55.3,96.72,108.66,304.93,35.12
211,PTT4,PTT12004-5,F42,7,14.0,47.96,1.29,11.95,0.67,525.2,475.59,58.57,2.14,10.18,13.7,0.02,2.74,6.07,1.39,0.01,9141.82,159.94,14.63,12.8,50.66,1190.26,30.11,1.89,0.06,1.69,0.02,2.43,173.28,135.37,347.17,39.68,48.97,181.05,64.95,70.04,43.58,306.66,83.51,18.64,61.37,55.3,96.72,108.66,304.93,35.12
220,BK1,BK-10001-1,F48,6,15.0,49.48,1.25,11.67,0.68,182.6,42.94,30.38,0.94,4.14,11.72,0.02,2.62,5.32,1.17,0.01,8322.9,121.85,10.84,8.88,16.49,773.86,32.1,0.37,0.14,1.91,0.03,4.28,254.84,185.4,417.97,25.97,44.1,457.11,63.88,54.16,37.02,381.68,71.67,13.42,40.63,45.78,74.05,152.09,312.51,72.94
221,BK1,BK-10001-2,F48,6,15.0,49.48,1.25,11.67,0.68,182.6,42.94,30.38,0.94,4.14,11.72,0.02,2.62,5.32,1.17,0.01,8322.9,121.85,10.84,8.88,16.49,773.86,32.1,0.37,0.14,1.91,0.03,4.28,254.84,185.4,417.97,25.97,44.1,457.11,63.88,54.16,37.02,381.68,71.67,13.42,40.63,45.78,74.05,152.09,312.51,72.94
222,BK1,BK-10001-3,F48,6,15.0,49.48,1.25,11.67,0.68,182.6,42.94,30.38,0.94,4.14,11.72,0.02,2.62,5.32,1.17,0.01,8322.9,121.85,10.84,8.88,16.49,773.86,32.1,0.37,0.14,1.91,0.03,4.28,254.84,185.4,417.97,25.97,44.1,457.11,63.88,54.16,37.02,381.68,71.67,13.42,40.63,45.78,74.05,152.09,312.51,72.94
225,BK3,BK-10003-1,F50,6,17.0,52.42,0.81,12.4,0.68,238.7,406.03,34.28,1.99,9.39,14.73,0.0,0.97,4.85,1.35,0.01,11837.77,179.04,15.56,10.14,31.81,1375.49,32.14,0.0,0.14,1.6,0.01,2.52,251.92,187.75,396.23,36.27,45.11,317.6,67.28,49.06,52.47,295.35,72.7,13.85,42.27,46.86,68.86,139.61,329.48,50.2
226,BK3,BK-10003-2,F50,6,17.0,52.42,0.81,12.4,0.68,238.7,406.03,34.28,1.99,9.39,14.73,0.0,0.97,4.85,1.35,0.01,11837.77,179.04,15.56,10.14,31.81,1375.49,32.14,0.0,0.14,1.6,0.01,2.52,251.92,187.75,396.23,36.27,45.11,317.6,67.28,49.06,52.47,295.35,72.7,13.85,42.27,46.86,68.86,139.61,329.48,50.2
227,BK3,BK-10003-3,F50,6,17.0,52.42,0.81,12.4,0.68,238.7,406.03,34.28,1.99,9.39,14.73,0.0,0.97,4.85,1.35,0.01,11837.77,179.04,15.56,10.14,31.81,1375.49,32.14,0.0,0.14,1.6,0.01,2.52,251.92,187.75,396.23,36.27,45.11,317.6,67.28,49.06,52.47,295.35,72.7,13.85,42.27,46.86,68.86,139.61,329.48,50.2
